id,first_name,last_name,email,gender,ip_address
1,Phillis,Fownes,pfownes0@etsy.com,Female,150.230.52.32
2,Homer,Emmines,hemmines1@aboutads.info,Male,20.246.135.160
3,Angy,Kinnar,akinnar2@mac.com,Female,194.85.29.200
4,Oliver,Dillintone,odillintone3@ted.com,Male,30.102.157.28
5,Kristal,Brigrtyu rewtretyw54y4y45y45y45y4ginshaw,kbrigginshaw4@columbia.edu,Female,218.17.114.242
6,Issiah,Brien,ibrien5@storify.com,Male,124.41.138.216
7,Kerrie,Belfrage,kbelfrage6@redcross.org,Female,253.32.209.111
8,Bianca,A'field,b 45y45y45y45y45y45yafield7@mapquest.com,Female,5.193.123.112
9,Hillier,Duck,hduck8@uol.com.br,Male,38.171.82.103
10,Danika,Chotty,dchotty9@gnu.org,Female,16.161.56.38
11,Kimmie,Swales,kswalesa@wp.com,Female,21.227.193.224
12,Susannah,Botger,sbotgerb@engadget.com,Female,73.100.129.253
13,Octavia,Brewett,obrewettc@nih.gov,Genderqueer,32.155.22.22
14,Faustina,Wisdish,fwisdishd@army.mil,Female,192.102.71.90
15,Ashli,Dyson,adysone@pagesperso-orange.fr,Female,251.198.202.211
16,Bradford,Oakton,boaktonf@arstechnica.com,Male,96.190.35.234
17,Dynah,Petrelli,dpetrellig@cargocollective.com,Female,18.48.32.167